,temperature,rainfall,co2,sea_level
temperature,1.0,0.2859535804691958,0.14242047587559664,0.14277119249121842
rainfall,0.2859535804691958,1.0,0.0036556807869187703,0.016204869171651745
co2,0.14242047587559664,0.0036556807869187703,1.0,0.9633726762959876
sea_level,0.14277119249121842,0.016204869171651745,0.9633726762959876,1.0
