decade,temperature,rainfall,co2,sea_level
2000,24.121915243836668,85.607963034036,381.92519229776536,2.0775287912890676
2010,25.647311316244902,86.86015897372036,405.887957120091,6.290208232856326
2020,26.676252718589126,85.89467689856197,423.95703239377633,9.454341554082815
