region,temperature,rainfall,co2,sea_level
Central,26.79799735389149,70.40039526612924,399.9529491624484,5.183597333407183
East,24.663043889311318,95.1267820194707,399.685339571132,5.243635434013945
North,19.845229490934955,54.96094403658222,400.1716107625191,5.223559992762879
South,29.033324269510114,130.0025815490515,399.81897706283263,5.316844740962928
West,25.875110835104383,80.34021804284106,399.954454670557,5.222178101226668
