season,temperature,rainfall,co2,sea_level
Winter,28.508321650818797,108.37507405216562,399.6620675785432,5.148683508433715
Spring,30.665424800677417,74.30448439496273,399.2544483935253,5.127729845093202
Summer,22.147758385825316,62.608884829746906,400.0587668003503,5.274124073027601
Autumn,19.65025983368028,99.37629345438455,400.6913822111723,5.401315055344366
