year,forecast_temperature
2025,27.1729282377363
2026,27.32138878158139
2027,27.46984932542648
2028,27.618309869271513
2029,27.766770413116603
